pid,dt,url,title,price,neighb,sqft,lat,lng,accuracy,body_text,furnished,laundry_known,laundry_onpremises,laundry_inunit,room_known,private_room,bath_known,private_bath,parking_known,onsite_parking
6091158100,2017-04-16 17:01,http://losangeles.craigslist.org/wst/roo/6091158100.html,FREE MILLION DOLLAR CONDO WITH AN ALLOWANCE,300,WEST HOLLYWOD,1600,34.090600,-118.378800,22,"b'I\'m essentially looking for a girl in college or just starting out that could use a benefactor / sugar daddy and possibly benefit from a relationship with a successful entrepreneur.\nI\'ve had a relationship of this nature before and it worked wonderfully. If you\'re beautiful and mature enough to handle it, I might be the best friend you\'ve ever had.\nI know rent is expensive and sometimes girls just like to get nice things.\n\nI\'m seeking a college aged WHITE/ASIAN/LATIN girl to start a mutually beneficial relationship with but open all races.\n\nI\'m very GENEROUS!\n\nPlease include a picture in your response.\nPlease put ""Sweet"" in the subject line, or I will not open the email.\nIf you\'ve applied before and I haven\'t responded, I apologize, you\'re not what I\'m looking \n\n\nMost likely once a week get togethers, shopping, excellent restaurants, Sushi bars, lounges or maybe just a movie.\n\nI am 5\'11 210lbs. Short black hair and hazel eyes. I\'m attractive, social and intelligent..\n\nI work tremendously hard and am horrible at relationships, so this type of situation seems to work best.'",False,TRUE,FALSE,True,True,TRUE,True,TRUE,TRUE,TRUE
6091155112,2017-04-16 17:00,http://losangeles.craigslist.org/lac/roo/6091155112.html,room for rent in a beautful villa,,,0,34.001100,-118.037100,22,"b'Gorgeous room for rent in this villa. You have access to the whole house. gated community.1,600 a month. gym, game room, kitchen, 2 family rooms, and much more!!!'",False,FALSE,FALSE,False,True,TRUE,True,TRUE,FALSE,FALSE
6091156868,2017-04-16 16:56,http://losangeles.craigslist.org/wst/roo/6091156868.html,Studio Apartment Furnished - BEST AREA OF WEST HOLLYWOOD,1700,West Hollywood,450,34.085609,-118.383511,20,"b'Six to eight month lease available for the right applicant! The space will be available in July or August. I will be moving out of state for a couple of months but looking to hang onto my incredible apartment that is located in the Norma Triangle Area of West Hollywood. Similar studios on this street are going for $1850+ unfurnished and do not offer the space and views that this particular studio offers. It is walking distance to famous bars like The Abbey and The Viper Room. \n\nSublets are not allowed in my building, however, I am still looking to do a confidential arrangement. The neighbors are all very private and there should be no issues, but need to present the situation beforehand to potential renter. The arrangement is good for someone looking for a more permanent place and can utilize this as home for the next few months as they shop for their own perfect place.\n\nThe studio has views of Downtown Los Angeles and has a full separate kitchen and bathroom. Pictures attached to this ad! Please email or call with any specific questions!'",False,TRUE,TRUE,False,True,TRUE,True,TRUE,TRUE,FALSE
6091162428,2017-04-16 16:55,http://losangeles.craigslist.org/sfv/roo/6091162428.html,Room in spacious apartment 875$,875,Valley,0,34.187255,-118.553331,10,"b""875 bedroom for rent\nInternet ready \nMust be clean\nLesbian friendly \nreliable source of income \nno couples sorry\nFemale preferred \n\n\nLaid back environment \nFriendly down to earth  roommates \nNo drama and someone who can communicate (maturity a must)\n\nWe like a clean peaceful environment \n\nThere's a gym\nPool\nBbq grill\nPlenty of parking \nA patio to chill on\ndesk and printer\nText preferred \n\n\n \n\n\nEight one eight - two seven five-  eight five three four\n\nThank you!""",False,TRUE,TRUE,False,True,TRUE,True,TRUE,FALSE,FALSE
6051726522,2017-04-16 16:51,http://losangeles.craigslist.org/lac/roo/6051726522.html,HUGE MASTER BR (unfurnished) Full Bath Hancock Park Furnished House,,Hancock Park / Hollywood,3700,34.082760,-118.340422,10,"b'Available immediately in  Beautiful Hancock Park\n\n2 Very Large Bedrooms are Available  \n\n3700 sf   Fully Furnished House\n\nRent one or Rent both!\n\nHuge Master Bedroom (not Furnished)  with attached full private Bath  \n\nWalk in Closets    \n\nBack door  access to patio and  fenced in back yard.  \n\nDOGS ARE WELCOME !   \n-\nLARGE DOGGIE DOOR FOR  YOUR DOG TO  HAVE FULL ACCESS TO  GO IN AND OUT OF  OUR FENCED IN BACK YARD.  \n\n2 car Garage  /  LONG DRIVE WAY PARKING \n\n\n2 Very Large Bedrooms are Available  \n\nRent one or Rent both!\n\nPERFECT FOR SOMEONE WHO WANTS A LARGE OFFICE OR  NEEDS  EXTRA SPACE FOR  A HOME GYM OR  STORAGE.\n\n\n\nLong Private Hallway  to  Master Bedroom\n\n\nMaster Bedroom Private Full Bath 1650 +\n1/3 Utilities  1/3 Cleaning Service \n\nAlso Available: 2nd  HUGE Bedroom Furnished   $1500 INCLUDES QUEEN BED  2 LARGE DRESSERS  55 INCH FLAT SCREEN  WALK IN CLOSET, FULL  LENGTH 3 PANNEL  MIRROR\n                                                    or  Unfurnished    $1400\n\nFULL USE OF ALL COMMON AREAS, HOUSE  IS FURNISHED WITH EVERY THING YOU WOULD EVER NEED.\n\n* 4TH GUEST BEDROOM / OFFICE  IS ALSO INCLUDED  AS A TENANT\n\n\nI have lived in the house for about 8 years and   you are not just renting the room but sharing the  house.   Any design changes, additions  or input is totally cool. You have full creative freedom to  change anything you want to in your rooms to  make it perfect for your taste.   I work  most of the time outside of the house and I am very easy to get along with, male or female.  Come check out the space, its central to everywhere you need to go in LA., in HANCOCK PARK ( Melrose and Highland)'",False,TRUE,FALSE,True,True,TRUE,True,TRUE,TRUE,TRUE
6091145392,2017-04-16 16:48,http://losangeles.craigslist.org/wst/roo/6091145392.html,Lovely Private Furnished Room and Bath in Great Location,1350,Culver City,0,34.015311,-118.398110,15,"b'Private Bedroom and Private Bathroom in house on beautiful tree-lined residential street.\n\nPrivate room comes fully furnished with Queen-size bed, large mirrored closet, new carpet in room, small fridge in room and full kitchen privileges.  Private bathroom with shower.  Laundry on site, beautiful backyard, central heat, quiet mid-city neighborhood. Unlimited street parking.\n\nExcellent location in exclusive Dr. Carlson Park neighborhood of Culver City.  One block from Sony Studios. Walking distance to movies, restaurants and a Tuesday Farmers Market. Very central: 15 minute Drive from UCLA, SMC, USC and LAX. \n\nLease is minimum six months; one year possible. References required. $1,350/Month (+$100 utilities). $1350 security deposit.\n\nThank you for looking.  Available Now!'",True,TRUE,TRUE,False,True,TRUE,True,TRUE,TRUE,FALSE
6083423960,2017-04-16 16:46,http://losangeles.craigslist.org/lac/roo/6083423960.html,$600 room for rent... (Female Only),600,Los Angeles,120,33.971303,-118.269603,7,"b""I have 2 spacious room for rent. The doors to the rooms have there own lock and key, the house has central AC a large gate along with surveillance cameras, even though its a nice neighborhood in close proximity to an elementary school, high school and a police station. The Kitchen and Bathroom are both common areas (bathroom will be shared with you and other tenant), but your room is only accessible to you. One room is close to the kitchen and the other room is close to the entrance and has an extra window looking out into the street. I'm very understanding and I really just want to find a good fit, so please send in your responses... First come first serve.\n\n About me: My names Mike I'm a 30 year old graphic artist and I'm also a military bratt (born and raised in the military life) so the house will always be clean and presentable. I am also very kind a courteous and will respect your space. I do have a young daughter that is 5 and that is the only reason I am looking for a female tenant rather than a male. \n\n IF YOU ARE INTERESTED: please respond with a text of a short BIO about yourself and a SELFIE, and then from there feel free to call me once I have sent a response to your text. I WILL NOT RESPOND IF NO BIO/SELFIE IS SENT. Much love and hope to hear from you.""",False,TRUE,FALSE,False,True,TRUE,True,FALSE,TRUE,TRUE
6077376635,2017-04-16 16:45,http://losangeles.craigslist.org/lac/roo/6077376635.html,$600 Room for rent... near LAX (FEMALE ONLY),600,South Los Angeles,120,33.971214,-118.269506,15,"b""I have 2 nice clean quite room for rent. The doors to the rooms have a lock and the house has central AC and is surrounded by a large gate and several surveillance cameras, although its not really necessary cause its a nice neighborhood in close proximity to an elementary school, high school and a police station. The Kitchen and Bathroom are both common areas (bathroom will be shared with you and other tenant), but your room will become only accessible to you. One room is close to the kitchen and the other room is close to the entrance and has an extra window looking out into the street. \n\n   About me: My names Mike I'm a 30 year old graphic artist and I'm also a military bratt (born and raised in the military life) so the house will always be clean and presentable. I am also very kind a courteous and will respect your space. I do have a young daughter and that is the only reason I am looking for a female tenant rather than a male. \n\n   IF YOU ARE INTERESTED: please respond with a text of a short bio about yourself and a selfie, and then from there feel free to call me. I WILL NOT RESPOND IF NO BIO/SELFIE IS SENT. Much love and hope to hear from you.""",False,TRUE,FALSE,False,True,TRUE,True,FALSE,TRUE,TRUE
6091153133,2017-04-16 16:45,http://losangeles.craigslist.org/sgv/roo/6091153133.html,Giant Beautiful MBR Suite in Upscale House Avail May 16 - Month2Month,875,Pasadena,0,34.144706,-118.068437,10,"b'Giant Master Bedroom Suite available in Pasadena near the Arcadia border available May 16 available MONTH TO MONTH. \n***Address: 3944 Mohawk Street, Pasadena, CA 91107***\n\n- Extremely large room with gorgeous hardwood floors, high ceilings, canned lights and ceiling fan\n- Bedroom has private key-lock\n- Central AC/Heat\n- Full sized dedicated bathroom accessed from within the bedroom\n- Walk in closet\n- Full use of house common areas including remodeled granite kitchen with 3 refrigerators, living room with large screen tv for communal use, yard, and on-site laundry.\n- Weekly maid service for all common areas but you are require to pick up after yourself.\n- All utilities, cable TV and Wi-Fi included at an additional $100 flat per month on top of rent.\n- 2nd person occupancy may be considered for family members, married couples, and platonic friends but both individuals must submit application. Add $175 for one additional person in the room.\n- $30 nonrefundable application fee\n- credit score must be 650 or higher\n- no criminal history, illegal drugs or pets\n- extremely convenient to 210 freeway, down town Pasadena, downtown LA, Caltech / California Institute of Technology, JPL, Pasadena City College, American Dental and Medical Institute, North West College, Art Center College of Design, Fuller Theological Seminary, Pacific Oaks College, California State University Los Angeles CSULA, UCLA, Providence Christian College, Glendale Community College, Keck School of Medicine USC, and extremely close to bus stops, trains, restaurants, stores, etc.\n\nOTHER OCCUPANTS: there are 6 other roommates in this 7 bedroom 5 bath house also renting (20s or 30s professional or students), and landlord does not live in premises. \n\nContact housemate Nancy at \n \ncell or Brittany at \n \ncell to view the room and ask experiential questions.'",False,TRUE,FALSE,True,True,TRUE,True,TRUE,TRUE,FALSE
6088515115,2017-04-16 16:42,http://losangeles.craigslist.org/wst/roo/6088515115.html,FREE MILLION DOLLAR CONDO WITH AN ALLOWANCE,500,WEST HOLLYWOD,1600,34.090600,-118.378800,22,"b'I\'m essentially looking for a girl in college or just starting out that could use a benefactor / sugar daddy and possibly benefit from a relationship with a successful entrepreneur.\nI\'ve had a relationship of this nature before and it worked wonderfully. If you\'re beautiful and mature enough to handle it, I might be the best friend you\'ve ever had.\nI know rent is expensive and sometimes girls just like to get nice things.\n\nI\'m seeking a college aged WHITE/ASIAN/LATIN girl to start a mutually beneficial relationship with but open all races.\n\nI\'m very GENEROUS!\n\nPlease include a picture in your response.\nPlease put ""Sweet"" in the subject line, or I will not open the email.\nIf you\'ve applied before and I haven\'t responded, I apologize, you\'re not what I\'m looking \n\n\nMost likely once a week get togethers, shopping, excellent restaurants, Sushi bars, lounges or maybe just a movie.\n\nI am 5\'11 210lbs. Short black hair and hazel eyes. I\'m attractive, social and intelligent..\n\nI work tremendously hard and am horrible at relationships, so this type of situation seems to work best.'",False,TRUE,FALSE,True,True,TRUE,True,TRUE,TRUE,TRUE
6091144581,2017-04-16 16:35,http://losangeles.craigslist.org/sfv/roo/6091144581.html,"ALL UTILITIES INCLUDED , COUPLES OK, $100 DEPO,POOL,NO RUG, WIFI, HBO",1100,ENCINO (101 & WHITE OAK,0,34.173705,-118.518517,20,"b'First months rent of $1,100 plus a small $100 deposit. Total $1,200.00 move-in. Just a month to month rental agreement. \n\n\nMy name is Danny. \n\nTEXT ONLY to \n \nI\'ll text back within 2 hours. \n\nNonsmoker\'s only. A light drinker is ok. No pets, marijuana, or illegal drugs.\n\n\nSUMMARIZED, 7 advantages of renting here:\n\n1. Most Cable TV channels including premium channels such as HBO, Cinemax, Showtime.\n2. Fast unlimited internet service.\n3. Central AC set to a comfortable 74 degrees.\n4. The use of brand new unused Costco 18"" high queen air bed (last photo shows). But, bring your own bed if you prefer.\n5. Can be a couple living in the bedroom. Most places renting a bedroom don\'t allow 2 people.\n6. No carpet or rug (which can get filthy) anywhere. Only laminate and tile flooring everywhere.\n7. Expensive white vinyl shutters on every window including the sliding glass door.\n\n\nNice thing about this room is that it saves you money over renting an apartment since you get HBO, Cinemax, Showtime, fast WiFi. Plus, unlike most other places renting out a room. I allow a 2nd person just as an apartment would, which gives you more of a sense of being independent than those renting out most rooms. So, even if you\'re single now or you want a friend to move in they can.\n\nI can take a 18"" high raised unused brand new Costco queen air bed out if you want to use. Unless, if you have your own bed feel free to bring it.\n\nYou must share the bathroom. I know most people prefer to have their own bathroom. I\'m just not sure why since most people never use a bathroom for more than one hour a day and most people usually don\'t have identical work or class schedules.'",False,TRUE,TRUE,False,True,TRUE,True,TRUE,TRUE,FALSE
6091143915,2017-04-16 16:35,http://losangeles.craigslist.org/lac/roo/6091143915.html,Shared Room Around USC for Summer 2017,825,USC,0,34.028335,-118.287950,7,"b""Subleasing my spot in a beautiful two bedroom/ 2.5 bathroom townhouse around the USC area for Summer 2017. You'd be sharing the room (it's a large room, see for yourself) with my really nice and easy-going roommate. Plus, she cooks too, so points added. We have a full bathroom inside the bedroom upstairs. Kitchen and large living room downstairs. Can be furnished or I can move all my furniture out, up to you. Comes with a parking spot in the garage. Gated townhouse. Laundry on site. Super nice landlord, text him if you need anything and he'll respond within minutes. Pool in the unit a couple doors down. 10 minutes walking from USC campus. 3 minutes biking. Also close to metro, downtown, and Ralph's (2 mins away). \n\nDates: May 15, 2017 - July 31, 2017 (flexible dates, but the latest is July 31, 2017).\n\nPrice: $825/month (you'd only be paying June and July, I got May covered). Negotiable, but don't get too crazy on me please.\n\nReally awesome, safe, spacious living place. I am graduating and moving to another city for my job, so need someone else to take over the rest of my lease. Feel free to text me with any questions or if you wanna see the place! Serious inquiries only please. \n \n Thank you!""",False,TRUE,TRUE,False,True,TRUE,True,TRUE,TRUE,TRUE
6091142454,2017-04-16 16:33,http://losangeles.craigslist.org/lgb/roo/6091142454.html,"Rent small 12 ft trailer, $540, female only",540,near Cal State LB,50,33.771600,-118.148000,22,"b""Semi-roommate rental.  Do you want the quiet and privacy of your own tiny trailer at a very inexpensive rent?  We are seeking a responsible female renter, NON SMOKER, to rent a 12 ft trailer in the back garden and patio area.  Renter will share the kitchen and bathroom inside the house with female owner.  The trailer is your personal space.  It is suitable for one female.  \n\nSorry, no visitors in the trailer.  But there are lots of other great places to entertain your friends within walking distance.  This rental is ideal for a single woman (like a student) who just needs a clean, quiet place to sleep and study.   \n\nThe trailer has a bed, closet, table, a/c, heater, microwave, mini frig, computer, wifi, FIOS color TV and coffee maker.  There is no cooking in the trailer, but you can have access to the kitchen and bathroom inside the house.  The trailer is just a few steps away from the back door of the house.  The trailert is in a big back yard with a patio, trees, table and chairs.  There are some well-behaved cats and a Lab dog here too.\n\nYou must be a quiet, responsible single female non-smoker with a secure income.  No drugs, no candles, no incense or fires of any kind anywhere on property.  No drama, no loud noise, no excessive alcohol use, no entertaining.  This is a safe place and we have great neighbors.  Sorry, only street parking available.\n\nWe are close to restaurants, CSULB and LBCC, buses, Starbucks, Ralph's, freeways 710, 605, 405, etc.  It is one mile to the beach. Close to Belmont Heights and Belmont Shore, dog beach, marinas, etc.\n\n$540 per month plus $300 deposit to move in.  Month to month rental.  All utilities are included.  Parking on street only.  Taking applications now.  Send email to this craigslist account, or call:  \n \nland line, or \n \ncell phone, and leave a VOICE message.  Do not text.  If interested please call.""",True,TRUE,TRUE,False,True,TRUE,True,FALSE,TRUE,FALSE
6082294418,2017-04-16 16:31,http://losangeles.craigslist.org/sfv/roo/6082294418.html,► FANTASTIC ROOM AVAILABLE IN GATED NORTHRIDGE HOME,675,Northridge,0,34.277095,-118.536086,7,"b'The house is in an exclusive area of Northridge North of Rinaldi by Reseda Blvd. \n\nAll amenities including high speed internet/cable, kitchen, washer and dryer, AC and heat and more! \n\nClose to CSUN, frys and shopping. Great for young professionals and students. \n\nUtilities including internet and cable $75/mo\n\nIf you are interested, please give us a call for more information and an appointment to see. \n\nRon-\n \n\neight one eight - two eight zero - nine one three three'",False,TRUE,TRUE,False,True,TRUE,True,FALSE,TRUE,FALSE
6072746651,2017-04-16 16:31,http://losangeles.craigslist.org/lac/roo/6072746651.html,Near Dwntwn and Hwood,875,Echo apark,0,34.003183,-118.206678,22,"b'Nice area\nclose to Sunset Blvd.\ntrendy night life and restaurants.\neasy access to 2, 5 and 101 Freeways\nbetween HoLLyWooD and Downtown L.A. and Just mins\nto Burbank, Gleandale, Eagle Rock\nand Pasadena.\n\nFurnished bedroom\nQueen Bed \nSofa\nfull House \nKitchen, dining rm.\nshared bathroom with just\nother person.\n\nFree utilities \nFree wifi internet\nFree Laundry\nstreet parking\navail Immed.\nSecurity Deposit $100\n\n\nNo Pets\nNo smoking\nNo Drugs\nNo Couples\n\nLooking for responsible\nemployed east going roommate\n\nClean quiet and safe living'",True,TRUE,TRUE,False,True,TRUE,True,FALSE,TRUE,FALSE
6065456137,2017-04-16 16:31,http://losangeles.craigslist.org/lac/roo/6065456137.html,Great Central location Furn. tm,875,Echo apark,0,34.003183,-118.206678,22,"b'Nice area\nclose to Sunset Blvd.\ntrendy night life and restaurants.\neasy access to 2, 5 and 101 Freeways\nbetween HoLLyWooD and Downtown L.A. and Just mins\nto Burbank, Gleandale, Eagle Rock\nand Pasadena.\n\nFurnished bedroom\nQueen Bed \nSofa\nfull House \nKitchen, dining rm.\nshared bathroom with just\nother person.\n\nFree utilities \nFree wifi internet\nFree Laundry\nstreet parking\navail Immed.\nSecurity Deposit $100\n\n\nNo Pets\nNo smoking\nNo Drugs\nNo Couples\n\nLooking for responsible\nemployed east going roommate\n\nClean quiet and safe living'",True,TRUE,TRUE,False,True,TRUE,True,FALSE,TRUE,FALSE
6065705658,2017-04-16 16:30,http://losangeles.craigslist.org/sgv/roo/6065705658.html,Room for rent in large executive house,500,san gabriel valley,0,99,99,99,"b'Furnished, Pet Friendly\t\nRoom in beautiful large house available immediately. We are looking for mature respectful person to share this great house with. No parties no smoking please. Lots of storage for gear and parking available Utilities laundry included very high speed internet available to share. Singles only .\n\nIf you are interested, please email me a description of yourself and please provide your phone number.Thank you!'",False,TRUE,FALSE,True,True,TRUE,True,TRUE,TRUE,FALSE
6091111763,2017-04-16 16:30,http://losangeles.craigslist.org/sgv/roo/6091111763.html,Room Rental,400,South San Gabriel,0,99,99,99,"b""I'm looking to rent out a room from my house. The property is a four-bedroom, two-bath house in South San Gabriel. The neighborhood here is very clean and safe and conveniently located to many shopping centers. The monthly rent is $400 and this includes laundry access, kitchen usage, Internet, and utilities. You may contact me through the above link.""",False,FALSE,FALSE,False,True,TRUE,True,FALSE,FALSE,FALSE
6084283494,2017-04-16 16:26,http://losangeles.craigslist.org/lac/roo/6084283494.html,"Duplex, Lower Unit",1100,L.A.,0,34.065989,-118.371598,10,"b""Roommate wanted for one bedroom in a 4 bedroom 2 bath duplex, lower unit. Private bedroom w/ walk in closet, central air/heat. Shared bathroom. Washer & dryer in unit. Hardwood floors throughout. Large kitchen with built in dishwasher, refrigerator/freezer and stove. Large living room with gas wood burning fireplace & high beamed ceilings.  Hi speed Wi-Fi throughout unit. Landlord provides Gardner for private enclosed landscaped front and fenced back yard with patio furniture and barbecue. Located within walking distance to 3rd Street stores & restaurants, The Grove, Farmers Market, LACMA, La Brea Tar Pits, Whole Foods & Trader Joe's. Rent is $ 1100.00 per month plus Wi-Fi, gas and electric, approximately $50.00 per month. Garage parking. Unit is approximately 1938 sq. ft.  1 year lease.  Quiet building. We are all professionals whom enjoy a peaceful home. No pets. Available now.""",False,TRUE,FALSE,True,True,TRUE,True,FALSE,TRUE,TRUE
