pid,dt,url,title,price,neighb,sqft,lat,lng,accuracy,body_text,furnished,laundry_known,laundry_onpremises,laundry_inunit,room_known,private_room,bath_known,private_bath,parking_known,onsite_parking
6060684963,2017-04-16 20:47,http://losangeles.craigslist.org/ant/roo/6060684963.html,Rooms for rent,500,,0,99,99,99,"b'LOCATED IN ANTELOPE VALLEY\nRoom for rent 500 + 200 Security- Includes Elec,Gas,Wifi,Water,Trash\nMature Females preferred  for a West Lancaster home. No overnight guests. Close to shopping, AVC and 14 Freeway. Not ideal for children due to pets in home.\nSingle occupancy\nNo overnight guests\nNo illegal drugs\nDrama free home\nUnfurnished'",False,TRUE,FALSE,True,True,TRUE,True,FALSE,TRUE,FALSE
6091347049,2017-04-16 20:47,http://losangeles.craigslist.org/wst/roo/6091347049.html,Abdallah Shehab-hollywood scammer,800,hollywood,0,34.096551,-118.349610,0,"b'Aliases:Tyson James,Tiger,Azad Abdul,Michael\nfb-tiger.wesquinn\n\nThis thief steals your mattress,money...even grocery. \n\nHe scammed a rich Kuwaiti kid and bought BMW,Land rover cars, ducati bike. He did not pay rent for months and was evicted from his hollywood apartment at 6633 yucca st  summer of 2014.\n\nHe assaulted a parking lot attendant in Motel6 and ran away like a coward.\n\nCurrently he is at 1420 N Fuller ave \n\nNote: He and his dumb ho thinks sending death threats/obscene pics will stop me from posting this.NEVER'",False,FALSE,FALSE,False,True,TRUE,True,TRUE,FALSE,FALSE
6091289938,2017-04-16 20:46,http://losangeles.craigslist.org/wst/roo/6091289938.html,Private Room 1499$,1499,Brentwood,0,34.042934,-118.467314,15,"b'RENTING A ROOM IN A 4 BEDROOM PENTHOUSE.\nLOCATED IN BRENTWOOD,(WILSHIRE AND BUNDY).NEAR SANTA MONICA BEACH AND UCLA FOR ANY STUDENT. AVAILABLE NOW.'",False,TRUE,FALSE,True,True,TRUE,True,TRUE,TRUE,TRUE
6081089344,2017-04-16 20:43,http://losangeles.craigslist.org/lac/roo/6081089344.html,Furnished Master room for rent,600,Pomona,650,34.041800,-117.756900,22,"b'Hello, to the person who is interested in my large room for rental:\n\nI am a kind & smiling lady, I offer the furnished room for rent in Pomona: full size & comfortable new bed, clothing closet,etc. Near to the banks, supermarkets, malls, pomona college restaurants, train stations and many others public transportation that can connect you.\n\nNice, quiet & large room with about 650 sq with nice view to the backyards. Access to the kitchen, large living room, dinning room, refrigerator, microwave, shared bathroom,\nUtilities, cleaning and high speed internet/wifi. are included\n\nThis house with 2 bedrooms, one dining roong, one kitchen and one bath room, I live one of the room, and rent the larger room, so we will share the kitchen, dinning room and bath roon.\n\nLooking for a responsible, organized and tidy women, no guy overnight, no smoking, no pets\nFirst month rent plus deposit, at least half year lease contract. \n\nAvailable NOW, if you are interested, please contact us ASAP, thanks.'",True,TRUE,TRUE,False,True,TRUE,True,FALSE,TRUE,FALSE
6082629303,2017-04-16 20:41,http://losangeles.craigslist.org/lac/roo/6082629303.html,$495 per month ..............................$100 deposit,495,Downtown  L.A.,0,34.052511,-118.263407,15,"b'Shared Large Studio with roommates, Downtown L.A. -Bunk bed style living NEW Mattress- Kitchen- Bath- lots of closet space - internet wifi - internet. Walking distance to METRO.'",True,TRUE,TRUE,False,True,FALSE,True,FALSE,TRUE,FALSE
