pid,dt,url,title,price,neighb,sqft,lat,lng,accuracy,body_text,furnished,laundry_known,laundry_onpremises,laundry_inunit,room_known,private_room,bath_known,private_bath,parking_known,onsite_parking
6091357301,2017-04-16 20:48,http://sfbay.craigslist.org/sby/roo/6091357301.html,Nice room for rent in Milpitas,650,milpitas,130,99,99,99,"b'Nice room for rent in a clean and lovely single story house, located near GreatMall, Fwy 880. Preferred professional female only with steady income and responsibility. Will not allow cooking, visitor, and smoking. The room is for a single person only. Rent is $650 a month and $300 deposit. Rent included utilities, WiFi, laundry. Bathroom shared with other female tenants. The room is available on May 1st. Call Tuan for more info. Tel:'",False,TRUE,TRUE,False,True,TRUE,True,FALSE,TRUE,FALSE
6091357192,2017-04-16 20:48,http://sfbay.craigslist.org/pen/roo/6091357192.html,Private Room with 独立浴室,,redwood shores,0,99,99,99,"b'Single Family House \xe4\xb8\xad\xe7\x9a\x84\xe4\xb8\x80\xe9\x97\xb4\xef\xbc\x8c \xe4\xbd\x8d\xe4\xba\x8e\xe5\x8d\x8a\xe5\xb2\x9bRedwood Shores\xef\xbc\x8c\xe9\x9d\xa0\xe8\xbf\x91 Oracle\xef\xbc\x8cEA, \xe5\x91\xa8\xe5\x9b\xb4\xe7\x8e\xaf\xe5\xa2\x83\xe5\xae\x89\xe9\x9d\x99\xe7\xbe\x8e\xe4\xb8\xbd\xe3\x80\x82\n\n\xe9\x99\x84\xe8\xbf\x91\xe8\xb6\x85\xe5\xb8\x82\xef\xbc\x9aNob Hill\xef\xbc\x8f\xe5\xa4\xa7\xe5\x8d\x8e \xef\xbc\x8f \xe6\xb0\xb8\xe5\x92\x8c\xef\xbc\x8c \xe8\xbd\xa6\xe7\xa8\x8b5-15\xe5\x88\x86\xe9\x92\x9f\n\xe8\xb4\xad\xe7\x89\xa9\xe5\x95\x86\xe5\x9c\xba\xef\xbc\x9a Hillsdale shopping mall\n\xe9\x99\x84\xe8\xbf\x91\xe8\xae\xbe\xe6\x96\xbd:  \xe7\xa4\xbe\xe5\x8c\xba\xe5\xa5\xbd\xe5\x87\xa0\xe4\xb8\xaa\xe5\x85\xac\xe5\x9b\xad\xef\xbc\x8c\xe7\xbd\x91\xe7\x90\x83\xe5\x9c\xba\xef\xbc\x8chiking trails\xef\xbc\x8cRedwood Shores \xe5\x9b\xbe\xe4\xb9\xa6\xe9\xa6\x86\n\nHighlights\xef\xbc\x9a\n\xe5\x8d\x95\xe9\x97\xb4\xe5\x8d\xa7\xe5\xae\xa4 150\xe5\xb0\xba\xe5\xb7\xa6\xe5\x8f\xb3\n\xe7\x8b\xac\xe7\xab\x8b\xe6\xb5\xb4\xe5\xae\xa4\n\xe6\x8f\x90\xe4\xbe\x9b \xe5\xba\x8a\xef\xbc\x8c\xe5\xba\x8a\xe5\x9e\xab\xef\xbc\x8c\xe4\xb9\xa6\xe6\xa1\x8c\xef\xbc\x8cbuilt-in \xe8\xa1\xa3\xe6\x9f\x9c\n\xe6\x9c\x89\xe9\x98\xbf\xe5\xa7\xa8\xe5\xae\x9a\xe6\x9c\x9f\xe6\x89\x93\xe6\x89\xab\xe5\x8d\xab\xe7\x94\x9f \xef\xbc\x88\xe6\x88\xbf\xe4\xb8\x9c\xe4\xbb\x98\xe8\xb4\xb9\xef\xbc\x89\n\xe6\x9c\x89high speed internet\n\xe6\x9c\x89\xe6\xb4\x97\xe8\xa1\xa3\xe6\x9c\xba\xe7\x83\x98\xe5\xb9\xb2\xe6\x9c\xba\n\xe6\x9c\x89\xe5\x81\x9c\xe8\xbd\xa6\xe4\xbd\x8d\n\n\xe5\xaf\xbb\xe6\x89\xbe\xef\xbc\x9a\xe5\x8f\x97\xe8\xbf\x87\xe9\xab\x98\xe7\xad\x89\xe6\x95\x99\xe8\x82\xb2 \xe6\xad\xa3\xe8\x81\x8c\xe5\x8d\x95\xe8\xba\xab\xe6\x88\x96\xe5\xad\xa6\xe7\x94\x9f, \xe7\x88\xb1\xe5\xae\x89\xe9\x9d\x9c, \xe7\x88\xb1\xe6\xb8\x85\xe6\xb4\x81\xef\xbc\x8c\xe6\x97\xa0\xe5\xae\xa0\xe7\x89\xa9,\xe5\xb0\x91\xe7\x82\x8a(\xe6\x97\xa0\xe7\x82\x8a\xe4\xbc\x98\xe5\x85\x88)\xef\xbc\x8c\xe4\xb8\x8d\xe5\x90\xb8\xe7\x83\x9f,\xe4\xb8\x8d\xe9\x85\x97\xe9\x85\x92,\xe6\x97\xa0\xe4\xb8\x8d\xe8\x89\xaf\xe7\x88\xb1\xe5\xa5\xbd, \xe6\x97\xa0over night guest\xef\xbc\x8c\xe5\xa5\xbd\xe7\x9b\xb8\xe5\xa4\x84\xef\xbc\x8c\xe6\x80\xa7\xe6\xa0\xbc\xe5\xa5\xbd\n\n\xe7\xa7\x9f\xe9\x87\x91\xef\xbc\x9a1500/\xe6\x9c\x88\xef\xbc\x8c\xe5\x8c\x85\xe5\x90\xab\xe6\x89\x80\xe6\x9c\x89utility\xef\xbc\x8cinternet\n\xe7\xa7\x9f\xe6\x9c\x9f\xef\xbc\x9aflexible\xef\xbc\x8c\xe6\x9c\x88\xe7\xa7\x9f\xef\xbc\x8c\xe7\x9f\xad\xe7\xa7\x9f\xef\xbc\x8c\xe9\x95\xbf\xe7\xa7\x9f\xe9\x83\xbd\xe5\x8f\xaf'",True,TRUE,FALSE,True,True,TRUE,True,TRUE,FALSE,FALSE
6091356687,2017-04-16 20:47,http://sfbay.craigslist.org/scz/roo/6091356687.html,Room for rent July 1st,,santa cruz,170,36.973050,-122.038174,15,b'',True,TRUE,TRUE,False,True,TRUE,True,FALSE,TRUE,FALSE
6091351959,2017-04-16 20:47,http://sfbay.craigslist.org/sfc/roo/6091351959.html,21st Mission Apartment Sublet,1400,mission district,0,37.757560,-122.410258,7,"b""We are 3 rad people and are on the hunt for a subletter with potential to stay for our awesome + super sunny Mission apartment. \n\nHere is the deal: \n\nBeautiful top floor hardwood apartment (4bdrm + living room + deck + 1.5 baths + kitchen) in the heart of the Mission (Florida and 21st). This is a quiet, up and coming neighborhood with lots of adorable restaurants and bars. The room available has bay windows, minimally furnished with a massive built-in dresser, desk, hanging rack and queen bed. No pets.\n\nMove in date 5/1! One months rent is $1400 + utilities ($50-75/month)\n\nAbout us:\n\nChelsea is 28 tech/fitness enthusiast + yogi. Travels often for work and play! Loves the outdoors, live music and fresh cookies.\n\nJolene is a 28 and also loves the outdoors and live music! \n\nSascha is 28 graphic designer, always out and about. Interested in all thing design, enjoys cooking and most importantly a good cup of coffee. \n\nAbout you:\n\nResponsible (pays rent on time, every time)\nClean (common areas, your room is yours)\nSociable (friendly, someone we want to hang out with)\n\nInterested?\n\nWant to apply? \n\nFill out this form or send it to your friends. (Note: we won't consider you if you don't fill out form and just send email)\n\nhttps://docs.google.com/forms/d/e/1FAIpQLSesRclTx2lINsxKirEmQo9197uHD-iP5kIcqvtizlpOfrQsgg/viewform?usp=sf_link""",True,FALSE,FALSE,False,True,TRUE,True,FALSE,FALSE,FALSE
6091356338,2017-04-16 20:47,http://sfbay.craigslist.org/sby/roo/6091356338.html,Nice room in Clean house Available May 14..Cleaning 2X month included,850,sunnyvale,0,37.350541,-122.033071,20,"b'Hello All:\nI have a beautiful Room for rent in the heart of Sunnyvale in an excellent and quiet neighborhood. The asking price is $850 which is a steal for the city of Sunnyvale. Not only that, this $850 includes a cleaning service where a cleaner comes by the property 2 times a month. The place is extremely clean throughout.\nThis place is in close proximity (Walking distance) to Falafel stop, Jakes Pizza and 24 Hour fitness among many other great restaurants.\nYou can also feel free to use the kitchen as much as you would like. There is a dining room, a nice living room area and washer/dryer room you can use which is brand new.  The pictures speak for themselves.\nLastly, there is a community pool which is available for use.\nPlease feel free to contact me at \n \nif interested or email. I will be showing the place on Tuesday night.\nThanks,\n\nNo PETS, CIGARETTE SMOKE or DRUGS allowed. Alcohol usage okay.'",False,TRUE,TRUE,False,True,TRUE,True,FALSE,TRUE,FALSE
