pid,dt,url,title,price,neighb,sqft,lat,lng,accuracy,body_text,furnished,laundry_known,laundry_onpremises,laundry_inunit,room_known,private_room,bath_known,private_bath,parking_known,onsite_parking
6088987578,2017-04-16 21:18,http://losangeles.craigslist.org/sgv/roo/6088987578.html,Furnished Room for Rent,720,Pasadena,0,34.143500,-118.126600,22,"b'Furnished room for rent across from Pasadena City College (PCC), 5 min. walking to Caltech, Fuller Seminary. Near to the banks, supermarkets, malls, restaurants, train stations and many others public transportation that can connect you with the Art Center and JPL.\nNice and quiet place in the second floor, 2 bedroom/1 bathroom apartment with nice view to the mountains. Access to the kitchen (with filtered drinking water),  dinning room, refrigerator, microwave and balcony.\nUtilities, cleaning and high speed internet/wifi. are included\nLooking for a responsible, organized and tidy people. \nFirst month rent plus deposit. \nAvailable NOW'",False,TRUE,TRUE,False,True,TRUE,True,FALSE,TRUE,FALSE
6091352149,2017-04-16 21:16,http://losangeles.craigslist.org/wst/roo/6091352149.html,Spacious bedroom with private entrance shared bath,895,Westchester,0,34.044300,-118.250900,22,"b'I have a large bedroom available in Westchester Triangle. This neighborhood is super nice, tree-lined street , close to Silicon Beach, Playa Vista, Manhattan Beach, El Segundo, Culver City. Street parking only, plenty of street parking most of the time you will find parking in front of the house itself.\n\nI initially bought this home for my parents, furnished it, and then come to find out there are delays for their green card, so I am renting it month to month short term 3 months minimum until they arrive this summer.\n\n$895 in utilities per month includes cleaning lady, internet, cable and all utilities\n\nI have 2 rooms available , both large, the one with private entrance is extra large available at $1195, the other room , a but smaller but still huge $895 with semi private entrance .\n\nI do not reside in the property but i will drop by a few minutes about twice a month to pick up mail or let cleaning lady in.\n\nOnly 1 person per room but occasional overnight guests allowed\nExisting roommate is young professional female , looking for same, preferably in the same life stage group for harmonious living\n\nThis is a large 4 bed 2 bath home , only 1 person each room. Must pass background check and you must have clean records.'",False,FALSE,FALSE,False,True,TRUE,True,FALSE,FALSE,FALSE
6091373894,2017-04-16 21:15,http://losangeles.craigslist.org/wst/roo/6091373894.html,Renting per night 60$ 4  female couchsurfing,,Hollywwod,0,34.089800,-118.321500,22,"b""Hello I'm renting out space per night 1 or 2 nights cozy place \nTourist or female prefer\nClean safe place \nPlace is available per night\nWe are 2 females in the apt\nsane clean girls \nWill have to meet in person first\nPlease be clean and ok normal person\nGreat location\nClose to buses stores the grove\nIf INTERESTED email first\nThanks allie""",False,FALSE,FALSE,False,True,FALSE,True,FALSE,FALSE,FALSE
6091369451,2017-04-16 21:15,http://losangeles.craigslist.org/lgb/roo/6091369451.html,"Room for rent, Utilities included in a large beautiful house",,Downey - close to shopping malls,0,33.927818,-118.125429,7,"b""House is walking distance from Stonewood Shopping Center and Downey Landing.\n \nNice large bedroom in a nice large house, atmosphere is quiet and calm.  You will have to share the bathroom but you will have kitchen privileges (light cooking) and laundry privileges (laundry room has washer/dryer and ironing board).\n \nMust be non smoker, quiet person (no loud music/TV) with good morals and responsible individual who is considerate easy going and who cleans after themselves.  Must have a steady job and must pay rent on time.\n \nNo pets and no parties.\nMust have good references upon request.\n \nPlease contact: Liz Meza \n \nplease no text messages if I can't pick up leave a voice message""",False,TRUE,TRUE,False,True,TRUE,True,FALSE,TRUE,FALSE
6091372102,2017-04-16 21:12,http://losangeles.craigslist.org/wst/roo/6091372102.html,Shared room for 550$,550,LA,0,33.983882,-118.402988,10,"b'Hi, we are 4 people in one 2 bedroom and 2 bathroom apartment in a luxury complex named Alessio. We are looking for someone who can move in AS SOON AS POSSIBLE and you will share the room with a female (So you have to be a female). The rent is 511$ with utilities is approximately 550$ (sometimes less sometimes more) per month and we require 550$ deposit. There is parking, big pool, 3 jacuzis, gym and computer room. The apartment is in Westchester and we have all the stores around, PM me if you are interested.'",False,FALSE,FALSE,False,True,FALSE,True,FALSE,FALSE,FALSE
