pid,dt,url,title,price,neighb,sqft,lat,lng,accuracy,body_text,furnished,laundry_known,laundry_onpremises,laundry_inunit,room_known,private_room,bath_known,private_bath,parking_known,onsite_parking
6091378183,2017-04-16 21:23,http://sfbay.craigslist.org/sby/roo/6091378183.html,Milpitas 1 bedroom net $700(雅房分租),700,milpitas,150,99,99,99,"b""Milpitas 1 bedroom net $700(\xe9\x9b\x85\xe6\x88\xbf\xe5\x88\x86\xe7\xa7\x9f)\nMilpitas 1 bedroom for rent, Walk to the Lion Supermarket only need one minute. you can any free cook , laundry & internet, including utensil & everything, net pay $700, with other Postgraduate student share bathroom & kitchen. Convenient, 2 minute into the 880 or 680 freeway.3  Bus Station in the near entrance, if you go to school or go to work able to by bus, don't need any drive...new Bart station will available in few month(Milpitas station just half distance). Just 3 month contract, if you like live here, welcome longer. If you not real like here ,you can free change to other place...  Available from 05/01/2017, $700 /mon, deposit $500.Due to  the landlord can't speak English , so prefer rent for international student or stable workers, Male, non-Smoking, no pet, Chinese-english bilingual ,please email or Call: \n \n(If no one answered the phone, please leave a message) .""",False,TRUE,FALSE,True,True,TRUE,True,FALSE,FALSE,FALSE
6080530598,2017-04-16 21:22,http://sfbay.craigslist.org/eby/roo/6080530598.html,Oakland bedroom $925,925,Ivy Hill/Bella Vista neighborhood (Oakland,0,37.801828,-122.240285,0,"b""10 REASONS ON WHY YOU SHOULD CHECK OUT THIS PLACE:\n1. big spacious room with plenty of natural light \n2. includes utilities, wifi and washer/dryer \n3. only a 6-month lease (Jun-Dec)\n4. guests are welcomed \n5. quiet family neighborhood \n6. plenty of street parking\n7. 5mins to Lake Merritt and Grand/Lakeshore shopping centers\n8. 15mins to bart (bus stop at corner of our street)\n9.  3mins to highway 580 access \n10. you'll live with AWESOMELY-CHILL PPL who DO THEIR OWN THING & ARE USUALLY AT SCHOOL OR WORK; all we care about is that you are FRIENDLY, RESPECTFUL, NOT A PSYCHO, PAYS RENT ON TIME AND CLEANS UP AFTER YOURSELF... just the basic stuff, ya know? \n\nReply with a brief intro (with FB IG or LinkedIn), what are your expectations of roommates, any questions you may have, and the best date/time for you to swing by :)  Can't wait to meet u!""",False,TRUE,FALSE,True,True,TRUE,True,FALSE,TRUE,FALSE
6084343608,2017-04-16 21:22,http://sfbay.craigslist.org/nby/roo/6084343608.html,Room in Wine Country Furnished,750,santa rosa,1014,99,99,99,"b'Three bedroom three bath two floor spacious condo with nice size (10 x 14) furnished room located in east Santa Rosa. Utilities all included with wireless. Use of kitchen, laundry and shared full size bathroom.   Beautiful grounds with many trees, walking path along Santa Rosa Creek, two pools, saunna and tennis court. Annadel State Park and Spring Lake Regional Parks just out the back door, city bus stop close by.  One blind cat and a small dog live in the home, must be animal friendly. No smoking, no drugs, no pets, clean and quiet. The room is for one person, no couples. First month and $300.00 for security. Prefer short term rental. Room available in 06/2017Thank you,\nLorri'",True,TRUE,TRUE,False,True,TRUE,True,FALSE,TRUE,FALSE
6084354360,2017-04-16 21:22,http://sfbay.craigslist.org/nby/roo/6084354360.html,Room in Wine Country Furnished,750,santa rosa,0,99,99,99,"b'Three bedroom three bath two floor spacious condo with nice size (10 x 14) furnished room located in east Santa Rosa. Utilities all included with wireless. Use of kitchen, laundry and shared full size bathroom.   Beautiful grounds with many trees, walking path along Santa Rosa Creek, two pools, saunna and tennis court. Annadel State Park and Spring Lake Regional Parks just out the back door, city bus stop close by.  One blind cat and a small dog live in the home, must be animal friendly. No smoking, no drugs, no pets, clean and quiet. The room is for one person, no couples. First month and $300.00 for security. Prefer short term rental. Room available in 6/2017 \nThank you,\nLorri'",True,TRUE,TRUE,False,True,TRUE,True,FALSE,TRUE,FALSE
6070412459,2017-04-16 21:22,http://sfbay.craigslist.org/nby/roo/6070412459.html,Room in Wine Country Furnished,800,santa rosa,0,99,99,99,"b'Three bedroom three bath two floor spacious condo with nice size (10 x 14) furnished room located in east Santa Rosa. Utilities all included with wireless. Use of kitchen, laundry and shared full size bathroom.  Beautiful grounds with many trees, walking path along Santa Rosa Creek, two pools, saunna and tennis court. Annadel State Park and Spring Lake Regional Parks just out the back door, city bus stop close by.  One blind cat and a small dog live in the home, must be animal friendly. No smoking, no drugs, no pets, clean and quiet. The room is for one person, no couples. First month and $300.00 for security. Prefer short term rental. Room available in 6/2017 \nThank you,\nLorri'",True,TRUE,TRUE,False,True,TRUE,True,FALSE,TRUE,FALSE
