pid,dt,url,title,price,neighb,sqft,lat,lng,accuracy,body_text,furnished,laundry_known,laundry_onpremises,laundry_inunit,room_known,private_room,bath_known,private_bath,parking_known,onsite_parking
6091158100,2017-04-16 17:01,http://losangeles.craigslist.org/wst/roo/6091158100.html,FREE MILLION DOLLAR CONDO WITH AN ALLOWANCE,300,WEST HOLLYWOD,1600,34.090600,-118.378800,22,"b'I\'m essentially looking for a girl in college or just starting out that could use a benefactor / sugar daddy and possibly benefit from a relationship with a successful entrepreneur.\nI\'ve had a relationship of this nature before and it worked wonderfully. If you\'re beautiful and mature enough to handle it, I might be the best friend you\'ve ever had.\nI know rent is expensive and sometimes girls just like to get nice things.\n\nI\'m seeking a college aged WHITE/ASIAN/LATIN girl to start a mutually beneficial relationship with but open all races.\n\nI\'m very GENEROUS!\n\nPlease include a picture in your response.\nPlease put ""Sweet"" in the subject line, or I will not open the email.\nIf you\'ve applied before and I haven\'t responded, I apologize, you\'re not what I\'m looking \n\n\nMost likely once a week get togethers, shopping, excellent restaurants, Sushi bars, lounges or maybe just a movie.\n\nI am 5\'11 210lbs. Short black hair and hazel eyes. I\'m attractive, social and intelligent..\n\nI work tremendously hard and am horrible at relationships, so this type of situation seems to work best.'",False,TRUE,FALSE,True,True,TRUE,True,TRUE,TRUE,TRUE
6091155112,2017-04-16 17:00,http://losangeles.craigslist.org/lac/roo/6091155112.html,room for rent in a beautful villa,,,0,34.001100,-118.037100,22,"b'Gorgeous room for rent in this villa. You have access to the whole house. gated community.1,600 a month. gym, game room, kitchen, 2 family rooms, and much more!!!'",False,FALSE,FALSE,False,True,TRUE,True,TRUE,FALSE,FALSE
6091156868,2017-04-16 16:56,http://losangeles.craigslist.org/wst/roo/6091156868.html,Studio Apartment Furnished - BEST AREA OF WEST HOLLYWOOD,1700,West Hollywood,450,34.085609,-118.383511,20,"b'Six to eight month lease available for the right applicant! The space will be available in July or August. I will be moving out of state for a couple of months but looking to hang onto my incredible apartment that is located in the Norma Triangle Area of West Hollywood. Similar studios on this street are going for $1850+ unfurnished and do not offer the space and views that this particular studio offers. It is walking distance to famous bars like The Abbey and The Viper Room. \n\nSublets are not allowed in my building, however, I am still looking to do a confidential arrangement. The neighbors are all very private and there should be no issues, but need to present the situation beforehand to potential renter. The arrangement is good for someone looking for a more permanent place and can utilize this as home for the next few months as they shop for their own perfect place.\n\nThe studio has views of Downtown Los Angeles and has a full separate kitchen and bathroom. Pictures attached to this ad! Please email or call with any specific questions!'",False,TRUE,TRUE,False,True,TRUE,True,TRUE,TRUE,FALSE
6091162428,2017-04-16 16:55,http://losangeles.craigslist.org/sfv/roo/6091162428.html,Room in spacious apartment 875$,875,Valley,0,34.187255,-118.553331,10,"b""875 bedroom for rent\nInternet ready \nMust be clean\nLesbian friendly \nreliable source of income \nno couples sorry\nFemale preferred \n\n\nLaid back environment \nFriendly down to earth  roommates \nNo drama and someone who can communicate (maturity a must)\n\nWe like a clean peaceful environment \n\nThere's a gym\nPool\nBbq grill\nPlenty of parking \nA patio to chill on\ndesk and printer\nText preferred \n\n\n \n\n\nEight one eight - two seven five-  eight five three four\n\nThank you!""",False,TRUE,TRUE,False,True,TRUE,True,TRUE,FALSE,FALSE
6051726522,2017-04-16 16:51,http://losangeles.craigslist.org/lac/roo/6051726522.html,HUGE MASTER BR (unfurnished) Full Bath Hancock Park Furnished House,,Hancock Park / Hollywood,3700,34.082760,-118.340422,10,"b'Available immediately in  Beautiful Hancock Park\n\n2 Very Large Bedrooms are Available  \n\n3700 sf   Fully Furnished House\n\nRent one or Rent both!\n\nHuge Master Bedroom (not Furnished)  with attached full private Bath  \n\nWalk in Closets    \n\nBack door  access to patio and  fenced in back yard.  \n\nDOGS ARE WELCOME !   \n-\nLARGE DOGGIE DOOR FOR  YOUR DOG TO  HAVE FULL ACCESS TO  GO IN AND OUT OF  OUR FENCED IN BACK YARD.  \n\n2 car Garage  /  LONG DRIVE WAY PARKING \n\n\n2 Very Large Bedrooms are Available  \n\nRent one or Rent both!\n\nPERFECT FOR SOMEONE WHO WANTS A LARGE OFFICE OR  NEEDS  EXTRA SPACE FOR  A HOME GYM OR  STORAGE.\n\n\n\nLong Private Hallway  to  Master Bedroom\n\n\nMaster Bedroom Private Full Bath 1650 +\n1/3 Utilities  1/3 Cleaning Service \n\nAlso Available: 2nd  HUGE Bedroom Furnished   $1500 INCLUDES QUEEN BED  2 LARGE DRESSERS  55 INCH FLAT SCREEN  WALK IN CLOSET, FULL  LENGTH 3 PANNEL  MIRROR\n                                                    or  Unfurnished    $1400\n\nFULL USE OF ALL COMMON AREAS, HOUSE  IS FURNISHED WITH EVERY THING YOU WOULD EVER NEED.\n\n* 4TH GUEST BEDROOM / OFFICE  IS ALSO INCLUDED  AS A TENANT\n\n\nI have lived in the house for about 8 years and   you are not just renting the room but sharing the  house.   Any design changes, additions  or input is totally cool. You have full creative freedom to  change anything you want to in your rooms to  make it perfect for your taste.   I work  most of the time outside of the house and I am very easy to get along with, male or female.  Come check out the space, its central to everywhere you need to go in LA., in HANCOCK PARK ( Melrose and Highland)'",False,TRUE,FALSE,True,True,TRUE,True,TRUE,TRUE,TRUE
